,season,train_accuracy_score_no_grid,test_accuracy_score_no_grid,five_fold_cv_score_no_grid,best_reg,test_accuracy_best_reg,precision,recall,f1_score,auc
0,2014,0.722886997556,0.737108190091,0.722339098369,1,0.737108190091,0.683569979716,0.638660770689,0.660352710647,0.789088607116
1,2015,0.743739810209,0.742036619012,0.741858415198,10,0.742287434161,0.668842322226,0.640882159315,0.654563792234,0.794243805903
2,2016,0.735604183292,0.731132669774,0.735099732788,1,0.731132669774,0.668055555556,0.620245003224,0.643263122701,0.779077380774
