season,uc,off_SF
2014,1.1744694231,
2015,1.30125201491,
2016,1.22450801151,1.10999699212
